SIZE,ExecutionTime_ms
4,0.001353
8,0.001653
16,0.011763
32,0.090922
64,2.70129
128,10.7617
256,51.0045
512,379.368
1024,3054.58
2048,24153.5
4096,Timeout
