SIZE,ExecutionTime_ms
64,1.22376
128,2.20166
256,2.60479
512,20.5129
1024,113.733
2048,1064.0
4096,35692.8
8192,Timeout
16384,Timeout
32768,Timeout
