SIZE,ExecutionTime_ms
64,1.11676
128,9.18265
256,25.6415
512,197.919
1024,1361.98
2048,11990.6
4096,79336.0
