SIZE,ExecutionTime_ms
64,1.16167
128,6.86212
256,23.3239
512,154.226
1024,1264.73
2048,10070.6
4096,87588.6
