SIZE,ExecutionTime_ms
4,0.001482
8,0.005981
16,0.046268
32,0.387263
64,0.786729
128,15.8181
256,53.003
512,406.817
1024,3893.12
2048,41803.9
4096,Timeout
